id,name,forme,type1,type2,hp,atk,def,spa,spd,spe,ability0,ability1,abilityH,kind,heightm,weightkg,signatureMove,description1,description2,prevo,evo,evoMethod
synthecyte,Synthecyte,,Psychic,,30,30,30,30,30,30,Normalize,,,Parasite,0.3,0.5,,"In deep space, Synthecyte fuse together to form a single, massive organism. Together, they travel through the cosmos, feeding on the energy of stars and planets.","Its DNA is highly adaptable, allowing it to merge with other lifeforms. It seeks out strong species to assimilate, using their power to further its own evolution.",,,
fawnna,Fawnna,,Grass,,45,65,50,40,55,63,Overgrow,,Steadfast,Crested,0.4,6,,"Incredibly timid, Fawnna hide deep within dense bamboo and copihue groves. If they sense danger, they freeze completely, hoping the flower buds on their heads blend into the brush.","The twin buds on its head absorb solar energy to keep it warm. When it feels completely safe around its Trainer, the buds emit a soft, comforting glow and a sweet, calming scent.",,fawliage,
fawliage,Fawliage,,Grass,,60,85,65,55,70,83,Overgrow,,Steadfast,Crested,0.9,22.5,,"Having grown more confident, Fawliage actively patrols its territory. It wears a thick poncho of leaves that acts as a solar panel, channeling energy into its rapidly growing wooden antlers.","It takes immense pride in its appearance, spending hours grooming its foliage. It practices martial discipline by using its bark-covered rear legs to deliver precise, swift kicks against tree trunks.",fawnna,dynastag,Level 16
dynastag,Dynastag,,Grass,Fighting,75,121,75,60,82,117,Overgrow,,Sharpness,Crested,1.7,68,Swift Riposte,"With an air of absolute nobility, Dynastag rules over its forest domain. It uses its hardened wooden cane with the flawless grace of a master fencer, deflecting enemy attacks with a single, effortless parry.","When it shakes its elegant, ornate antlers, the delicate bell-flowers ring out a rhythmic chime. This sound relaxes allies, but to its enemies, it is the chilling signal that a duel has begun.",fawliage,,Level 36
pumace,Pumace,,Fire,,55,65,45,50,48,55,Blaze,,Sand Rush,Prowler,0.4,5.5,,"It inhabits arid badlands and volcanic crags, using the dark, ash-colored fur on its face to shield its eyes from intense desert sun glare. It tracks prey patiently through clouds of dust.","Highly alert, Pumace constantly monitors shifting geothermal currents beneath its paws. If cornered, it beats its tail against the parched earth to create a blinding smokescreen of ash.",,pyroncho,
pyroncho,Pyroncho,,Fire,,80,85,65,55,70,65,Blaze,,Sand Rush,Prowler,1,26,,The thick poncho around its neck is formed from compressed stone that perfectly insulates its intense internal heat. Volcanic vents protruding from its back constantly billow out heavy smoke to conceal its presence.,"It keeps its front paws hidden beneath its heavy coat, making its quick-striking embers completely unpredictable. It uses the sharp, brim-like fur on its head to shield its eyes from falling volcanic ash.",pumace,smoldero,Level 16
smoldero,Smoldero,,Fire,Ground,90,120,85,65,85,85,Blaze,,Sand Rush,Prowler,1.6,88.5,Desperado Strike,"Known as the lawless apex of the volcanic plains, Smoldero commands absolute authority with a menacing glare. The three whip-like tails on its back hold superheated obsidian stones that it hurls with lethal, pinpoint accuracy.","Its stone-like greaves are formed from layers of cooled, hardened magma, protecting its legs during high-speed pursuits. Its glowing, fiery fangs can melt through solid iron, leaving molten scorch marks on anything it bites.",pyroncho,,Level 36
sealor,Sealor,,Water,,65,60,65,45,50,33,Torrent,,Oblivious,Naval,0.5,8.2,,"It wears a star-shaped mark on its chest with immense pride, eagerly following the orders of older, more experienced Pokémon.","Despite its clumsy movements on land, it diligently salutes with its flippers to show respect. The thick white fur on its head keeps it warm in freezing ocean currents.",,enseal,
enseal,Enseal,,Water,,85,75,85,65,70,40,Torrent,,Oblivious,Naval,1.2,32.5,,"Known for its strict discipline, it commands its pod with crisp, sharp barks. The yellow band around its neck acts as a biological flotation device during turbulent storms.","It stands at attention on jagged coastal rocks, constantly surveying the ocean for signs of danger. Its sleek blue body is built to navigate treacherous waters with ease.",sealor,brigantide,Level 16
brigantide,Brigantide,,Water,Steel,110,105,110,70,85,50,Torrent,,Intimidate,Naval,2.1,145,Hull Press,"A legendary commander of the seas, its heavy, steel claws can shred through the hulls of ships. The iron plating on its chest acts as an impenetrable breastplate against enemy attacks.","It governs massive pods of Sealor and Enseal with unyielding strictness, communicating complex tactical formations through deep, rumbling barks. To withstand extreme deep-sea pressure, it continuously absorbs iron from the ocean floor to naturally harden its body.",enseal,,Level 36
panacha,Panacha,,Normal,,55,40,55,35,55,40,Thick Fat,Run Away,Gluttony,Doughy,0.4,9.5,,"Its long, upright ears mimic the shape of wheat stalks to blend into tall grass. It spends hours resting in the harsh sun, allowing its starchy saliva coating to form a light, protective crust over its fur.","A highly relaxed Pokémon native to rocky foothills. It mixes wild grains with mineral-rich volcanic soil in its cheek pouches to create a thick dough paste, which it uses to reinforce its burrow against predators.",,marracacha,
marracacha,Marracacha,,Normal,Ground,95,65,100,65,80,35,Thick Fat,Seed Sower,Gluttony,Doughy,1.1,78,Oven Bake,"The massive, deep-grooved loaf of bread on its back acts as a rock-hard shield. When threatened, it tucks its body tightly beneath this heavy armor and rolls edge-over-edge like a runaway millstone to flatten enemies.","The white dust on its face is actually an incredibly fine, dry mountain clay. It uses its internal body heat to kiln-bake its dense shell, venting out hot, yeasty-smelling steam from small indentations along its back when it exerts itself.",panacha,,Level 18
grismirk,Grismirk,,Dark,,45,60,35,35,35,70,Rivalry,,Moxie,Grison,0.4,4.2,,"It picks fights with Pokémon far bigger than itself and wears a smug grin the whole time. The tougher the opponent, the more it seems to enjoy the scrap.","It hides in the thorny brush of the dry hills, darting out to nip at larger Pokémon before scampering off. Trainers know it by its cheeky gold-eyed smirk.",,grimson,
grimson,Grimson,,Dark,,66,100,56,55,54,109,Underdog,,Moxie,Grison,1,23.5,,"It puffs its pale mane up around its head like a hood before a battle. It never backs down from a bigger foe, and it wins far more often than its size suggests.","Quick, clever, and full of nerve, it thrives on being underestimated. It loves nothing more than toppling an opponent twice its size and strutting off.",grismirk,,
cackloon,Cackloon,,Ghost,Flying,70,50,50,72,73,55,Early Bird,Unnerve,Mummy,Deception,0.26,5,,They have uniquely evolved to resemble a human head to frighten others. They are said to lure travelers to their doom by mimicking human laughter.,"Cackloon enjoy mimicking human laughter, and will often gather in groups to cackle together. To avoid being attacked by Cackloon, it is best to join in on their revelry.",,necrondor,
necrondor,Necrondor,,Ghost,Flying,100,60,70,100,105,75,Ill Omen,Unnerve,Mummy,Deception,1,15,,"Necrondor are long-lived and their bones are said to grant eternal life. Many ancient funerary sites are said to be guarded by Necrondor, who will attack anyone who tries to steal from them.","Its tattered wings protect it from the chilling winds of the mountains they call home. They stand still for hours, watching the land with their hypnotic gaze.",cackloon,,
peppilla,Peppilla,,Fire,Bug,45,40,50,55,45,40,Flame Body,Shield Dust,Compound Eyes,Smoky Pepper,0.3,2.5,,"Peppilla curl around their own tail to mimic ripening peppers, hiding among crops in mountain fields. Farmers consider one in the harvest a sign of a flavorful year.",Its body builds up a fiery oil as it feeds. Predators that bite a Peppilla are met with a searing taste they never forget.,,peppyre,
peppyre,Peppyre,,Fire,Bug,45,45,85,65,80,35,Flame Body,Shield Dust,Compound Eyes,Smoky Pepper,0.6,12,,"Peppyre seals itself in a hardened shell and slowly smolders from within, curing its own body like a smoked pepper. The plume rising from its back carries a rich, spicy aroma for miles.",It barely moves while its inner fire dries and toughens its shell. Mountain villagers once gathered the fragrant ash it sheds to season their food.,peppilla,pepperisher,
pepperisher,Pepperisher,,Fire,Bug,45,75,70,115,90,90,Spicy Spray,Shield Dust,Tinted Lens,Smoky Pepper,1.4,22,,"Pepperisher scatters burning spice from its wings as it flies, said to be the ground remains of its old shell. A single flake on the tongue can leave a person breathless for days.","Its bleached mask is the husk of its pupal shell. It descends silently on those who steal from pepper fields, leaving nothing behind but a scorching haze.",peppyre,,
sedimentaldormant,Sedimental-Dormant,,Rock,Grass,85,81,111,31,98,44,Cloudburst,,,Desert Bloom,0.7,50,,Rain is so scarce in the desert where Sedimental live that many go their entire lives without opening their petals. Tourists will gather in the rain to see such a rare sight.,"Its said that Sedimental is the reincarnation of two lovers who were tragically separated. It constantly searches for its better half, crying in the desert rain.",,,
sedimentalbloom,Sedimental-Bloom,Bloom,Rock,Grass,85,31,98,131,161,44,Cloudburst,,,Desert Bloom,0.8,50,,Rain is so scarce in the desert where Sedimental live that many go their entire lives without opening their petals. Tourists will gather in the rain to see such a rare sight.,"Its said that Sedimental is the reincarnation of two lovers who were tragically separated. It constantly searches for its better half, crying in the desert rain.",,,
amistaphore,Amistaphore,,Grass,Fairy,95,70,105,100,120,40,Pacifism,Effect Spore,Rain Dish,Illuminating,3,111.2,Strength Sap,"Its spores have a calming effect on those around it, making them lose the will to fight. Too much exposure can lead to losing one's memory and sense of self.",Amistaphore lets off minor radio signals that can reach across the region. People and Pokémon who are sensitive to the signals are drawn to Amistaphore and will feel a sense of calm and happiness when near it.,shiinotic,,Shiny Stone
